<?xml version="1.0" encoding="UTF-8"?>
<beans xmlns="http://www.springframework.org/schema/beans"
	xmlns:xsi="http://www.w3.org/2001/XMLSchema-instance" xmlns:context="http://www.springframework.org/schema/context"
	xmlns:mvc="http://www.springframework.org/schema/mvc" xmlns:p="http://www.springframework.org/schema/p"
	xsi:schemaLocation="http://www.springframework.org/schema/beans http://www.springframework.org/schema/beans/spring-beans.xsd
		http://www.springframework.org/schema/context http://www.springframework.org/schema/context/spring-context.xsd
		http://www.springframework.org/schema/mvc http://www.springframework.org/schema/mvc/spring-mvc.xsd">

	<context:annotation-config />
	<context:component-scan base-package="com.app"/>
	<!-- to enable annotation based MVC support -->
	<mvc:annotation-driven/>
	<!-- configure view resolver bean for auto transalation -->
	<bean id="viewResolver" class="org.springframework.web.servlet.view.InternalResourceViewResolver"
	p:prefix="/WEB-INF/views" p:suffix=".jsp" p:viewClass="org.springframework.web.servlet.view.JstlView"
	/>
	<bean id="mailSender" class="org.springframework.mail.javamail.JavaMailSenderImpl">
        <property name="host" value="smtp.gmail.com" />
        <property name="port" value="587" />
        <property name="username" value="mrunalp6410@gmail.com"/>
        <property name="password" value="Mrunal@123"/>
        <property name="javaMailProperties">
            <props>
                <prop key="mail.transport.protocol">smtp</prop>
                <prop key="mail.smtp.auth">true</prop>
                <prop key="mail.smtp.starttls.enable">true</prop>
            </props>
        </property>
	</bean>
	<import resource="classpath:/hibernate-persistence.xml" />
	
	
	<mvc:resources location="/" mapping="/**"/>
	
	<bean id="multipartResolver" class="org.springframework.web.multipart.commons.CommonsMultipartResolver">
        <property name="maxUploadSize" value="100000000000000"/>
    </bean> 
	<!-- import hibernate config xml file -->
	<import resource="classpath:/hibernate-persistence.xml"/>
	
</beans>
